name,dateofissue,ceasedmembership,newcertificate,custodianname,registerlocation,citizenship,rst,certificateNumber,classofshares,numbershares,sharestransferred,pep,transferdata,custodianaddress
Vernelle Davis,1971-09-28,2011-11-13,True,Winton Osinski,Nigeria,Guernsey,est,65574396,eligendi,330383,21268142,veritatis,Voluptate perspiciatis qui nemo repellendus velit.,"78127 Cori Common
Lake Dorla, KY 34183"
Jahir Jaskolski,2005-04-19,2000-05-31,False,Gracia DuBuque,Monaco,Uganda,blanditiis,0,est,633493633,501614,iusto,Ut earum ut deleniti enim ad voluptates perspiciatis.,"647 McLaughlin Plains
East Livialand, PA 39710"
Mr. Luigi McGlynn,1995-01-27,1988-05-03,True,Camilla Langosh,Andorra,Aruba,esse,7741509,velit,8332,0,aut,Aliquam eos consectetur necessitatibus totam in.,"505 Feeney Neck
Sanfordhaven, PW 44704-1401"
Jelani Hintz,2010-06-24,1971-02-26,True,Mr. Billy Terry PhD,Switzerland,Libyan Arab Jamahiriya,ipsum,5,nisi,114,5607,officia,Vel recusandae esse totam sint soluta deleniti.,"6986 Jaskolski Islands Suite 124
Cristhaven, MD 88354"
Keshaun Koch,1984-11-30,1980-02-26,False,Miss Tatianna Hahn,Slovakia (Slovak Republic),Korea,unde,53,facere,4637,76334818,ipsa,Est voluptas voluptate nam distinctio non et.,"022 Sipes Squares
Laveramouth, NC 59136-9278"
Marquita Schneider,1982-03-23,1982-11-28,True,Columbus Sporer IV,Zambia,Haiti,omnis,7762961,sit,0,79,deleniti,Voluptatibus et quidem totam molestiae hic.,"9114 Destry Valley
West Ewin, OH 59400-6314"
Bennett Hansen,2011-05-13,1995-03-04,True,Barbra Gerlach,Cocos (Keeling) Islands,Switzerland,voluptas,90,qui,43,4,error,Harum facilis consequuntur blanditiis natus.,"398 Marquardt Islands Apt. 205
Dominquefort, VT 66263-2565"
Violette Hermiston,1990-05-09,2000-11-18,False,Olar Mraz,Guernsey,Macao,quis,263944542,quaerat,489967965,3,corrupti,Et ea doloribus qui.,"479 Casper Ridges Suite 660
Danetteview, OH 99156"
Pollie Keebler MD,2008-09-30,1994-02-22,False,Lavon Pacocha,Kenya,El Salvador,nihil,8674,itaque,933193,300,non,Dolorum quis qui provident fugit adipisci.,"Unit 3393 Box 9639
DPO AE 16603"
Joey Rempel,2003-10-19,1972-04-22,False,Mrs. Etna Davis DDS,Mayotte,Vietnam,sunt,66387,amet,86,652966,non,Sunt ipsa nemo voluptatem consectetur.,"32725 Carmelita Field
Danyelland, PA 31823"
Deacon Beer,1971-07-19,1973-01-07,True,Mr. Blanchard Wehner Sr.,Liberia,Azerbaijan,fugit,449,non,2830505,4141,omnis,Voluptatibus et ut esse eos dicta.,"962 Bednar Plaza Suite 980
Padbergfort, OR 06883-6622"
Alfred Sanford,2012-02-04,1977-05-29,True,Shelba Green,Denmark,Uzbekistan,et,217,non,8338088,81550,dolor,Aliquam sed molestiae facere et commodi aspernatur eos.,"Unit 0863 Box 4434
DPO AP 24288"
Brenna Ullrich,1982-04-07,1984-04-21,True,Harlon Conroy,Saint Lucia,Jordan,nihil,2631990,magni,85163161,82610400,consequatur,Quia facere culpa aspernatur sed quia et autem.,"53075 Antonina Flat Apt. 950
West Belle, NH 40368"
Metta Murray,1984-01-10,2009-01-18,True,Laurene Beatty,China,Germany,et,7,consequatur,42195347,67234,hic,Sint ut ratione optio molestias beatae nemo eum.,"USNS Bednar
FPO AP 17853"
Jessie Keeling,1986-11-21,1990-08-13,False,Ms. Chelsy Lockman DVM,Jordan,Vietnam,cum,78047,impedit,0,0,ut,Necessitatibus quia qui laudantium totam provident.,"122 Rutherford Points
North Kendrickside, SD 58400"
Dian Heaney,1992-02-01,2016-03-28,False,Darryn Jacobson,Mexico,Cocos (Keeling) Islands,voluptas,3132,omnis,5582067,8669109,porro,Nihil enim ut consequatur aspernatur.,"81399 Ryder Viaduct Apt. 614
North Charleenhaven, MT 27786"
Waylon Cummings,1987-08-04,1983-07-26,False,Male Luettgen,Fiji,United Kingdom,nihil,887010585,nemo,0,2,fugit,Rerum ea quasi maiores.,"3953 Beahan Rapid
Daishafort, AZ 92100-6796"
Javon Johns,1983-05-28,1994-04-09,True,Dedric Johns,Bosnia and Herzegovina,Philippines,quod,0,in,2,8,repudiandae,Dignissimos consequatur fugiat deserunt architecto impedit.,"46697 Brogan Ramp
Lake Marionborough, WY 41618-8814"
Ruth Kerluke,1997-03-16,2014-01-03,True,Leonora Thompson,Niue,Tonga,sapiente,4275,eligendi,0,0,tempore,Totam quo cum occaecati ratione delectus sit esse.,"53138 Texas Locks
Lake Neliashire, CT 97869-9104"
Kizzie Fisher MD,1974-03-22,2013-03-22,True,Alicia Murphy DVM,Georgia,Azerbaijan,deleniti,0,totam,55482520,19934,autem,Dolores rerum architecto quia quia dolor aut reiciendis.,"Unit 6737 Box 3861
DPO AP 83020"
Agnes Veum PhD,2013-05-15,1987-11-14,True,French Jast,Ireland,French Guiana,inventore,4347676,odio,58,62063076,iure,Dolorem nemo voluptas esse quia occaecati soluta quae.,"8305 Corkery Mission Suite 305
East Jordin, OK 06158"
Logan DuBuque,1994-11-11,2013-10-20,True,Wilma Gottlieb,Jamaica,French Southern Territories,rerum,8885124,voluptates,155,1980547,dolores,Qui facilis recusandae architecto sequi blanditiis delectus.,"739 Rinda Roads
Hortenciastad, MI 97242-2910"
Jim Hettinger,2014-11-10,1980-09-05,False,Ms. Merna Schuster,French Southern Territories,Jersey,in,433622,delectus,50815838,683813100,aut,Velit adipisci non voluptatem voluptas.,"57867 Djuna Divide Apt. 935
West Ulysses, ME 83199-8629"
Dr. Keshia Gulgowski,2004-09-13,1974-11-03,False,Meggan Kessler MD,Bahrain,Singapore,qui,3,impedit,880608,23,quidem,Perspiciatis sit cum laboriosam rerum sint.,"61860 Butler Circle Apt. 787
Schaeferbury, PA 02457-8328"
Jamey Eichmann PhD,1970-06-02,1995-08-01,True,Randy Nitzsche MD,Bhutan,Northern Mariana Islands,accusantium,63300891,ea,931092,912,omnis,Temporibus id repellat accusantium molestiae repellat minus repellat.,"550 Heathcote Crossroad
Kaelyntown, NM 23850-7399"
Dr. Buddie Larson,2013-12-09,1973-07-26,True,Dr. Cephus Homenick,British Indian Ocean Territory (Chagos Archipelago),Guinea,et,555329,officia,0,0,et,Commodi blanditiis aliquam qui nostrum aliquid aut iste et.,"728 Gutkowski Extension
East Shawndahaven, NE 50261"
Carleigh Jacobson,2014-06-25,2003-04-02,False,Caden Streich,Jordan,Luxembourg,sit,11809,facilis,62610051,802939280,labore,Porro consequatur excepturi numquam qui.,"89511 Pouros Plain
Ullrichmouth, OK 71741-9097"
Harlow Berge,1991-01-07,2013-01-26,False,Vickie Adams,Suriname,Dominican Republic,perferendis,0,nulla,494451,0,rem,Voluptatem debitis recusandae harum omnis dolorem voluptatibus.,"8760 Marvin Spurs
Bernhardmouth, NV 35517-6342"
Darrell Wilkinson IV,2012-05-13,1980-05-28,True,Dr. Dee Predovic DVM,Nicaragua,Svalbard & Jan Mayen Islands,mollitia,0,nobis,1673018,8921995,voluptatibus,Commodi necessitatibus aut aut libero.,"2724 Swaniawski Center
Port Aura, RI 47272"
Kendra Langworth MD,1974-01-07,1999-04-23,False,Keanu Hirthe,Cameroon,Somalia,soluta,891412520,ut,6,34915587,qui,Ipsa molestiae cum aut sed.,"5970 Felicitas Ranch
West Andre, MT 34980-7691"
Landen Yost DDS,1980-11-23,1978-08-14,True,Ciara Kutch,Saint Helena,Qatar,quia,0,repellendus,90,513,repellat,Sit voluptas ea facere doloremque iusto.,"6596 Shaniece Highway
Olenechester, ID 84299-6791"
Miss Hayley Mayer,1982-09-24,1993-09-04,False,Gabe Schmitt DDS,Libyan Arab Jamahiriya,Jamaica,aut,62,perferendis,63018,834317655,qui,Ad reiciendis a repellendus vitae totam.,"28554 Batz Drive Suite 475
Greenholthaven, AK 74584-0613"
Patience Johnson,2013-11-06,1976-02-22,True,Marshal Gibson,Brunei Darussalam,Algeria,debitis,461,modi,79106244,309,laborum,Consequatur voluptatibus aut culpa expedita mollitia aut illum.,"390 Pierre Court
North Chet, GA 63855"
Janay Paucek PhD,1988-09-04,1985-07-17,False,Jocelyn Torphy,Azerbaijan,Samoa,quod,80134,unde,0,178,earum,Iusto et dignissimos facere odio commodi qui.,"507 Adalberto Haven
Demianburgh, ND 21444"
Sherwin Gaylord,1970-04-26,2008-10-30,True,Miles Williamson,Liberia,Iraq,accusantium,662715161,asperiores,287348,8862989,reprehenderit,Explicabo voluptas recusandae recusandae sed atque.,"69485 Hettinger Circle
Port Adamarisborough, CO 91136"
Mrs. Kathey Smith DDS,1986-07-18,1996-11-27,True,Dr. Kadyn Ullrich,Macedonia,Maldives,incidunt,4530152,praesentium,79,0,et,Dolores dolorem incidunt voluptatibus quo maiores asperiores.,"5661 Shields Center
Keeblerville, MA 54382-9343"
Hessie Wehner,1986-02-18,2011-08-14,True,Londyn Tremblay MD,Palau,Argentina,cum,0,velit,989365794,5985871,minus,Debitis ipsum dolorem aliquam reiciendis blanditiis ut.,"66147 Gerhold Wall Suite 662
Nitzschefurt, DC 41483-3942"
Dr. Hughes Marks III,1974-08-12,1973-07-14,True,Luka Lynch II,Paraguay,Nicaragua,aut,93325759,similique,9779,2,sed,Sit accusamus unde temporibus occaecati in saepe.,"457 Turcotte Gardens Suite 580
Jamiebury, MA 14468-6463"
Grisel Friesen,2001-06-21,1996-03-02,False,Elvia Blanda,Yemen,French Polynesia,perferendis,3,atque,5,16099224,recusandae,Cumque esse quibusdam a et molestiae maiores.,"4265 Bogan Road Suite 800
Lailahchester, SC 97517"
Mrs. Arlena Klein PhD,1990-10-02,2007-07-14,True,Erving Bernhard,Guinea,Benin,cumque,34,dolor,172134509,908,aspernatur,Aut nihil est impedit dicta.,"0237 Hartmann Freeway Apt. 603
Nolanfort, NH 15329-7131"
Terra Wuckert,1975-07-04,1998-04-22,True,Noe Rogahn,Angola,Marshall Islands,itaque,1212,delectus,226611,53055,eum,Sed ut velit dolorem praesentium totam porro.,"256 Cliff Squares Suite 334
Harlowport, ND 00029-0998"
Ola Sawayn,1975-09-28,1980-11-12,True,Julious Boyle,Guernsey,Macao,totam,953803,ad,4460,58,veritatis,Qui at dolore eum perferendis explicabo perspiciatis.,"758 Kozey Roads
North Ingridchester, AK 06118"
Neoma Tromp,1992-06-07,1971-10-23,True,Vickie Volkman,Honduras,Niger,sint,16696,ut,8961,6,porro,Perspiciatis aspernatur temporibus tempora id voluptatem.,"728 Deena Greens
South Dwane, MI 91868-7480"
Maynard Crona,1976-06-17,1981-05-26,True,Ulysses Osinski V,Belgium,Netherlands,voluptatem,249,ducimus,54,3181,ut,Consequatur eos qui provident quam qui atque.,"PSC 4806, Box 6456
APO AE 32368"
Sammie Weber,1973-01-10,2014-03-25,True,Asbury White,Belarus,Slovenia,ut,391048,aut,39228254,1194,enim,Unde modi velit dolor saepe inventore.,"Unit 9038 Box 0839
DPO AP 95020"
Mrs. Misty Lind,1991-04-12,2014-10-31,True,Dr. Shirley Weber MD,Syrian Arab Republic,Christmas Island,nesciunt,0,consequatur,0,854432824,aut,Ut consequatur modi omnis quam.,"8777 Bechtelar Viaduct
East Osborne, GA 75802"
Bronson Davis,1999-01-21,2013-03-30,False,Shreya Bergnaum,Czech Republic,New Caledonia,quo,2333,autem,499,26458,quis,Consequatur ea corrupti occaecati autem quisquam voluptas iusto.,"216 Lum Creek
Kuhlmanshire, OR 37554"
Elvis Hamill,1987-11-16,1977-06-30,True,Tess Lowe,Uzbekistan,Barbados,molestiae,0,vel,2317,957036428,voluptatum,Tempore eveniet qui odit ex aut est dolor dolorum.,"3103 Lang Knolls Apt. 074
East Jordanmouth, AR 37183-2460"
Hellen Von,1994-03-23,1979-07-28,True,Brayden Rice,Macedonia,Sao Tome and Principe,provident,6283018,nulla,59290759,5,ullam,Voluptas quod mollitia sit eaque.,"8726 Maricela Rue
Jacobsland, PR 48273"
Schuyler Donnelly,1987-04-06,2008-07-13,True,Elonzo Kerluke,Uruguay,Georgia,tempora,28,dolor,728286237,2459,tempora,Hic ipsam veniam ea nihil eum velit.,"2556 Spinka Trafficway Apt. 098
East Dorettaberg, WI 97716"
Irma Rippin,2003-10-14,1996-01-28,True,Kirby Bashirian,Azerbaijan,Namibia,sunt,6131,exercitationem,380,0,sequi,Et id dolores fuga dolorem.,"Unit 4883 Box 2344
DPO AA 00649"
Nathalie Koch PhD,1983-08-03,1997-06-10,True,Dyan Wyman,Saint Helena,Tonga,nisi,448,dolorem,1,142036327,laboriosam,Explicabo molestiae est natus.,"3986 Jenkins Fields Suite 696
East Matthias, PR 70574-8424"
Douglass Stracke,1980-08-27,1990-11-25,True,Adele Kunde,France,Namibia,et,737,et,0,752,et,Et nostrum repellat possimus modi aut.,"303 Jaydon Spring Suite 189
Dooleyside, PW 51266-2192"
Monserrat Farrell,2004-12-17,2004-09-19,False,Edythe Kautzer,Malaysia,United Kingdom,voluptas,68531,accusamus,8745315,786,id,Nulla reiciendis rerum et eum.,"2933 Romona Spurs
Port Robby, KS 11613-9557"
Dr. Mac Leffler,1970-12-19,2000-08-01,True,Roselyn Dibbert DDS,Benin,Libyan Arab Jamahiriya,consequatur,62,sit,633274,369318218,ex,Rerum incidunt asperiores ipsum laborum est fugit.,"274 Javion Divide
Keeblerhaven, MH 88562-2515"
Laurel Schowalter,1992-05-30,1989-04-19,True,Izola Farrell PhD,Singapore,Kiribati,eos,6,quae,525846862,13,corporis,Est consequatur nihil iusto in ut adipisci aut.,"USNV Gibson
FPO AP 61950"
Delma Langworth,1987-12-08,2008-02-27,True,Cohen Greenholt,Martinique,Jordan,commodi,181793,suscipit,205,8735878,dolorum,Est vel iure nisi beatae sit tempora.,"PSC 7312, Box 2844
APO AA 93579"
Rafael Borer II,2012-01-17,2012-06-19,True,Dr. Tillman Graham,Seychelles,Taiwan,maiores,733964615,unde,609576,7835,autem,Quia distinctio earum sit cupiditate autem et iste distinctio.,"49720 Lina Turnpike
Lake Crissy, AR 86913"
Delpha Quitzon,1986-07-08,1990-06-22,False,Alexandro Thompson II,Namibia,Guam,quo,2,quos,9786,99354211,qui,Ut omnis adipisci recusandae sint veritatis sed.,"957 Hosie Wells Apt. 731
Ondrickabury, IN 65491-5711"
Mr. Cornelius Hamill,1973-04-03,1973-11-04,True,Channie Hills,Mauritius,Nigeria,labore,0,exercitationem,22512715,3846242,labore,Id dolorum quod est aut magni officia adipisci.,"312 Raven Knoll Apt. 250
Bauchhaven, CA 85678-6380"
Earnest Mraz,2001-01-31,1987-11-10,True,Alpheus Rice,Paraguay,Reunion,ipsam,55685,quod,53042,223,quasi,Et laboriosam esse vel enim aperiam.,"PSC 8728, Box 6751
APO AA 98141-2329"
Dr. Trula Swaniawski PhD,2008-12-27,1985-11-29,True,Mrs. Elaina Monahan DDS,Saint Helena,Ecuador,et,29920364,adipisci,2069224,820,eveniet,Consequatur esse nihil voluptas ut ullam.,"12753 Ortiz Corners Suite 307
New Alaina, LA 32969-3625"
Lalla Lind,1978-11-18,2013-10-18,True,Mr. Roddy Yundt,Burundi,Korea,facilis,924,voluptate,44682,5,inventore,Et veniam reiciendis incidunt dolorem illo.,"3008 Corwin Mill Suite 678
Lake Glendafurt, MD 91234-1991"
Reginal Rowe,2010-08-24,1976-07-26,True,Lim Breitenberg,Liechtenstein,Azerbaijan,quia,475,aliquam,970621888,0,natus,Dignissimos vitae dolorum voluptatem ipsa nostrum sed suscipit.,"PSC 4111, Box 3100
APO AP 28843"
Dr. Bret Volkman,1995-06-16,1977-11-28,False,Ursula Smith,Israel,Yemen,non,377265063,sunt,35057,293249,tempora,Iusto quo in aut assumenda eos et.,"1297 Claiborne Ferry Apt. 345
South Orvisberg, VA 37693"
Dr. Enoch Schumm I,1974-03-24,1995-06-24,False,Esequiel Mante,Ghana,South Africa,cum,31,aspernatur,3,610,aut,Itaque ut magni nisi.,"93687 Jared Spring Apt. 542
Savanahland, CO 17951-4266"
Sheryl Kuhic MD,1976-04-30,2009-09-05,False,Ms. Claudie Emard MD,Finland,Guinea-Bissau,ullam,732306535,architecto,9,55220309,voluptas,Est id libero asperiores modi quia.,"327 Sipes Greens Suite 864
Lesleystad, KY 52228"
Mrs. Terese Morar DDS,1982-09-28,2011-07-06,True,Madeline Ondricka,Korea,Chile,quae,0,dolore,72771,19,mollitia,Quasi est et cupiditate et qui iure.,"85192 Marquardt Mountain
New Lovett, GU 44326"
Zaire Mraz,1980-10-11,2013-01-01,True,Madie Hegmann,Cameroon,Cuba,deserunt,8,nulla,2646794,5658,debitis,Ut est reprehenderit consectetur aut eum et.,"3909 Boone Plains
New Sharishire, KS 13301-0379"
Vannie Doyle,1984-04-13,1998-01-08,False,Mr. Lewis Nienow,Bermuda,Somalia,voluptatem,6,ratione,4146568,0,consequuntur,Vitae deserunt modi aspernatur ducimus explicabo corporis quam.,"500 Koda Canyon
Bamahaven, CA 35904-5638"
Mrs. Tracy Cruickshank,1995-01-20,2002-02-20,True,Laurel Zulauf PhD,Reunion,Saint Lucia,molestias,2171340,maiores,32031599,575308,quia,Non consequuntur aut sed nesciunt nostrum consequatur earum aut.,"02876 Crooks Circle
South Gerry, KS 84817"
Armond Turner,2008-05-12,1972-01-20,False,Michaele Huel,Singapore,Burkina Faso,ipsam,0,nihil,181,904449,eos,Architecto possimus dolorem officiis similique.,"253 Tremayne Prairie
Lottafurt, ID 34904-3586"
Beryl Bauch,1995-07-28,2006-09-21,True,Cena Treutel,Spain,Nepal,maxime,340,suscipit,5523212,62534910,eius,Dolorem provident aut quia deleniti sed officiis voluptates.,"106 Audrina Throughway Suite 092
Beerton, OR 52611"
Augustine Langworth,1993-10-23,2010-09-19,False,Melanie Leffler,Albania,Tokelau,ex,1815,culpa,819840704,705475492,est,Eaque deleniti nisi ut rerum alias.,"5392 Boyle Brooks
Port Lizabethfurt, ND 54956-0335"
Pete VonRueden,2001-12-26,1976-03-24,True,Hasel Carter,Estonia,Saudi Arabia,et,2795,quis,900675502,33,dolore,Rerum ex repudiandae sed impedit debitis autem.,"474 Sam Lock
South Tallie, MD 74046-4266"
Jayme Brakus,2007-07-20,2009-08-20,False,Asberry Doyle,Tajikistan,South Africa,commodi,33,et,0,6147131,molestiae,Facilis expedita ullam tenetur quos.,"05140 Alvah Port Apt. 105
Lake Merrishire, OR 37377"
Dr. Jonna Grady DDS,1973-02-28,1993-10-24,False,Herb Powlowski,United Arab Emirates,Burundi,aspernatur,0,illo,6,793720669,similique,Quae tempore qui iusto veniam numquam et animi.,"1362 Fred Island Suite 718
Julianneton, NM 04799"
Harm Wisozk,1990-12-30,2008-01-02,True,Ebbie Graham,Bahrain,Lao People's Democratic Republic,pariatur,541722713,voluptate,2,48,necessitatibus,Autem praesentium et et quae quas dolore.,"32326 Armond Forks
Rickyview, DE 98344-9940"
Chuck Kerluke,2010-08-03,2009-06-08,True,Keandre Zieme,Bulgaria,Saint Barthelemy,sit,26,reprehenderit,999693438,988,sit,Non molestias sed distinctio voluptatum.,"244 Zandra Landing Suite 382
Willieside, HI 73485"
Della Larkin,2007-09-06,1995-12-20,True,Hortensia Quitzon MD,Suriname,Mali,omnis,15396096,ipsum,8671108,6144,hic,Numquam modi aperiam atque incidunt.,"1421 Turner Crest Suite 396
Zemlakport, WY 75132"
Mr. Hoy Parisian DVM,2005-11-12,2005-10-19,False,Bonita Reichert,Palau,Iran,qui,0,corrupti,711724,83189,iusto,Omnis iusto cupiditate aut aut aliquam voluptatem.,"476 Sannie Valleys Suite 095
Emmerichstad, LA 89649-0787"
Blane Wolff,1996-10-13,1974-10-09,False,Kierra Gleichner,Grenada,Mongolia,quia,2328798,odit,864772580,4193060,dolor,Qui porro illo voluptas non dolor.,"4514 Lamont Stravenue Apt. 545
Quigleyfurt, ME 32885"
Nolia Kiehn,1976-06-02,2016-01-31,True,Jerri Kunde DDS,Jersey,Kazakhstan,illum,69,vel,92985,947,adipisci,Vel sapiente cupiditate nulla tempore.,"1855 Harris Circles Suite 944
Port Isaias, IL 97082"
Miller Little III,1991-08-01,2016-02-12,False,Mr. Christoper Bechtelar,Antigua and Barbuda,Pakistan,ullam,731470,est,0,63321,doloremque,Laboriosam inventore sed possimus quas et quos debitis.,"55172 Connelly Row
West Roelborough, NE 66880-5075"
Roxanna Hermann,2007-03-13,1992-02-20,True,Ulises Kozey,Solomon Islands,Uganda,quo,9,ducimus,43,920348731,aut,Maiores et sapiente eius iusto nihil rerum tenetur.,"83756 Lindgren Coves
Darcishire, PW 14673"
Mr. Braeden Waters DDS,2011-12-13,1997-06-12,True,Clement Bahringer,Burkina Faso,Taiwan,sit,80312974,in,1,72385,molestiae,Rerum dolore molestiae voluptatem dolor minima tempora quis natus.,"89689 Romaguera Mills Apt. 263
Maryjochester, TX 38251"
Mickey Botsford,1970-09-17,1974-08-03,False,Jaimie Hermiston,Liberia,Montserrat,dolorum,769738137,quidem,600,86297,voluptas,Iusto aut eveniet laudantium itaque nostrum.,"173 Benita Bridge
West Lurana, PA 32855"
Tennessee Borer,1982-08-08,1986-11-26,True,Lindell Weissnat,Saint Barthelemy,Maldives,et,8493,consequuntur,879873079,0,eum,Quis sunt rerum ipsam et voluptates sapiente.,"66606 Mariana Path Suite 602
Lake Jeanineburgh, OR 88808-1127"
Hector Kunde Sr.,1994-10-17,2005-04-29,False,Leeroy Towne V,Slovenia,Bhutan,nihil,1640445,vitae,3017,920492035,quia,Libero amet fuga sit id molestiae.,"135 Reilly Dale
West Hansfordport, ID 78628-9136"
Anthoney Spinka,1986-10-08,2002-09-03,True,Ibrahim Bechtelar,Northern Mariana Islands,Switzerland,reiciendis,9,ducimus,3,5381,recusandae,Non blanditiis minus accusantium eos.,"3939 Bolden Trace
Breitenbergfurt, NE 99268"
Mrs. Kathleen Stroman MD,1999-01-03,1972-04-12,False,Ms. Nealie Bradtke,United Kingdom,Chad,labore,8866,temporibus,73,30123672,sapiente,Amet omnis ipsam consectetur quia et saepe corporis.,"15276 Marland Mission
Audiechester, FM 89102"
Ruby Parker,2012-11-09,2005-09-15,True,King Rodriguez DDS,Afghanistan,Marshall Islands,non,174,ut,7178555,67,culpa,Rem ut est recusandae qui.,"8395 Lynn Stream Suite 585
East Shaniquafurt, IA 51973"
Marty Altenwerth,1975-05-14,1981-08-19,True,Bryan Quitzon,Seychelles,Guam,reprehenderit,0,et,135716,0,magnam,Fuga in sed eveniet ut architecto quia suscipit.,"17716 Nitzsche Highway
Lake Grahamchester, MS 90661"
Daryl Bogan,1996-10-15,2009-08-13,False,Americo Bosco,Zambia,Malta,vero,0,quis,334434,72248,maiores,Dolores qui est beatae quia.,"4053 Littel Plaza Apt. 253
Ianfort, MS 57613"
Samira Davis,2001-11-01,1974-07-19,False,Ben Ruecker II,Peru,Indonesia,est,9,quia,422,36332,occaecati,Vitae maxime veritatis sit quo.,"PSC 9646, Box 8136
APO AA 70512-2179"
Giselle Cartwright,1990-02-23,1998-06-01,False,Dr. Ivy Hane IV,Czech Republic,Eritrea,exercitationem,11326262,quibusdam,866,96316832,quae,Aliquam dolor aliquam accusantium culpa voluptate aspernatur.,"93063 Verl Branch
Botsfordfort, DE 67904-8419"
Mrs. Alwina Hintz DVM,1983-06-03,1993-10-16,True,Shaneka Thompson,Tuvalu,Tonga,sequi,303,dolorem,4142,0,facilis,Et maxime modi blanditiis impedit.,"66554 Dibbert Meadows Apt. 925
Bernierton, MI 83220"
Ms. Orilla Kreiger,2007-03-12,2009-05-11,True,Jahiem Bashirian,Jersey,United Kingdom,minima,31404,aut,38,2645835,quidem,Error voluptas quod dolore sint qui rerum.,"76773 Schulist Lock
West Chelsy, TX 03474-3506"
Fronnie Hoeger,1982-07-07,2010-01-22,True,Littleton Kertzmann III,Egypt,Israel,ratione,234920556,et,23000,841699067,porro,Alias quod beatae tempore corrupti temporibus voluptas quia.,"6294 Bode Road Suite 090
Kendalltown, ME 94022-1193"
Dellie Stamm PhD,1970-10-16,1977-07-23,False,Glenn Abernathy,Aruba,Guinea-Bissau,impedit,76127638,ab,8696,1873026,qui,Commodi aliquid consectetur et necessitatibus.,"7568 Ivey Village Apt. 511
East Rhonda, PR 46719"
